SourceOrganization,SourceOrganizationID,SourceOrganizationRevised,SourceOrganizationIDRevised,DonorTypeRevised
Central Emergency Response Fund,4762,Office for the Coordination of Humanitarian Affairs,4396,Multilateral Organizations
Ethiopia Humanitarian Fund,7874,Office for the Coordination of Humanitarian Affairs,4396,Multilateral Organizations
Nigeria Humanitarian Fund,8728,Office for the Coordination of Humanitarian Affairs,4396,Multilateral Organizations
South Sudan Humanitarian Fund,7656,Office for the Coordination of Humanitarian Affairs,4396,Multilateral Organizations
United States Department of State,14269,"United States of America, Government of",2933,Governments
Qatar Fund for Development,13052,"Qatar, Government of",87,Governments
Italian Agency for Development Cooperation,8924,"Italy, Government of",3774,Governments
Catalan Agency for Development Cooperation,14359,"Spain, Government of",5319,Governments
Sudan Humanitarian Fund,7771,Office for the Coordination of Humanitarian Affairs,4396,Multilateral Organizations
